ip,date,time,cik,accession,extention,code,size,norefer,noagent,find,browser
69.251.252.cfi,12/31/2006,10:32:42,839621,0001104659-06-081248,.txt,200,2803,0,0,1,fox
69.251.252.cfi,12/31/2006,10:32:47,839621,0001104659-06-081248,a06-25579_21512g.htm,200,20477,0,0,9,fox
69.251.252.cfi,12/31/2006,10:33:08,839621,0001104659-06-081239,.txt,200,4515,0,0,1,fox
69.251.252.cfi,12/31/2006,10:33:11,839621,0001104659-06-081239,a06-25579_18k.htm,200,35223,0,0,9,fox
68.147.228.jad,12/31/2006,10:48:23,1064481,0000949353-06-000622,.txt,200,3419,0,0,1,fox
68.252.33.fcg,12/31/2006,10:52:21,45919,0000890566-94-000102,.txt,200,233702,0,0,1,fox
68.252.33.fcg,12/31/2006,10:55:26,45919,0000950134-96-001023,.txt,200,204118,0,0,1,fox
68.252.33.fcg,12/31/2006,11:00:44,45919,0000950134-98-002468,.txt,200,210063,0,0,1,fox
68.252.33.fcg,12/31/2006,11:04:37,45919,0000950134-00-002597,.txt,200,239754,0,0,1,fox
68.252.33.fcg,12/31/2006,11:10:13,45919,0000950134-02-002964,.txt,200,204265,0,0,1,fox
68.252.33.fcg,12/31/2006,11:12:15,45919,0001193125-04-041607,.txt,200,4130,0,0,1,fox
68.252.33.fcg,12/31/2006,11:12:28,45919,0001193125-04-041607,d10k.htm,200,869475,0,0,9,fox
68.252.33.fcg,12/31/2006,11:14:07,45919,0001193125-06-056092,.txt,200,5127,0,0,1,fox
68.252.33.fcg,12/31/2006,11:14:19,45919,0001193125-06-056092,d10k.htm,200,921657,0,0,9,fox
69.251.252.cfi,12/31/2006,11:17:40,839621,0001104659-06-074895,.txt,200,3476,0,0,1,fox
69.251.252.cfi,12/31/2006,11:17:44,839621,0001104659-06-074895,a06-22169_110q.htm,200,1580725,0,0,9,fox
66.108.24.ged,12/31/2006,15:35:00,931069,0000931069-06-000009,.txt,200,9604,0,0,1,fox
66.108.24.ged,12/31/2006,15:35:02,931069,0000931069-06-000009,balmg0906ingles6k.htm,304,3476,0,0,9,fox
66.108.24.ged,12/31/2006,17:19:40,811040,0000950144-06-011519,.txt,200,3309,0,0,1,fox
66.108.24.ged,12/31/2006,17:19:44,811040,0001209191-06-063404,.txt,200,3282,0,0,1,fox
66.108.24.ged,12/31/2006,17:19:48,811040,0001209191-06-063404,xslF345X02/bch04642_bch01th.xml,200,15885,0,0,9,fox
66.108.24.ged,12/31/2006,17:27:04,1024446,0001292814-06-003096,.txt,200,4426,0,0,1,fox
66.108.24.ged,12/31/2006,17:27:08,1024446,0001292814-06-003096,net-20060930.htm,200,11694,0,0,9,fox
69.251.252.cfi,12/31/2006,17:54:53,839621,0001104659-06-059196,.txt,200,3202,0,0,1,fox
69.251.252.cfi,12/31/2006,17:54:59,839621,0001104659-06-059196,a06-19096_1ex4.htm,200,62281,0,0,9,fox
69.251.252.cfi,12/31/2006,17:55:26,839621,0001104659-06-060215,.txt,200,2790,0,0,1,fox
69.251.252.cfi,12/31/2006,17:55:30,839621,0001104659-06-060215,a06-19409_18k.htm,200,19191,0,0,9,fox
69.251.252.cfi,12/31/2006,17:55:51,839621,0001104659-06-060215,.txt,200,20616,0,0,9,fox
69.251.252.cfi,12/31/2006,17:56:01,839621,0001104659-06-055729,.txt,200,3135,0,0,1,fox
69.251.252.cfi,12/31/2006,17:56:05,839621,0001104659-06-055729,a06-18182_1ex4.htm,200,53073,0,0,9,fox
69.251.252.cfi,12/31/2006,17:56:22,839621,0001104659-06-055729,a06-18182_18k.htm,200,26118,0,0,9,fox
69.251.252.cfi,12/31/2006,17:56:41,839621,0001104659-06-051850,.txt,200,3713,0,0,1,fox
69.251.252.cfi,12/31/2006,17:56:45,839621,0001104659-06-051850,a06-15322_18k.htm,200,24879,0,0,9,fox
69.251.252.cfi,12/31/2006,17:56:59,839621,0001104659-06-050355,.txt,200,3050,0,0,1,fox
69.251.252.cfi,12/31/2006,17:57:01,839621,0001104659-06-050355,a06-17177_18k.htm,200,27700,0,0,9,fox
69.251.252.cfi,12/31/2006,17:57:09,839621,0001104659-06-050355,a06-17177_1ex99.htm,200,5192,0,0,9,fox
69.251.252.cfi,12/31/2006,17:57:36,839621,0001104659-05-018086,.txt,200,2465,0,0,1,fox
69.251.252.cfi,12/31/2006,17:57:40,839621,0001104659-05-018086,filename1.htm,200,7144,0,0,9,fox
69.251.252.cfi,12/31/2006,17:57:53,839621,0001104659-05-023048,.txt,200,3425,0,0,1,fox
69.251.252.cfi,12/31/2006,17:57:57,839621,0001104659-05-023048,a05-8121_110q.htm,200,1001220,0,0,9,fox
69.251.252.cfi,12/31/2006,18:02:00,839621,0001104659-05-023048,a05-8121_1ex31d1.htm,200,11112,0,0,9,fox
69.251.252.cfi,12/31/2006,18:02:06,839621,0001104659-05-023048,a05-8121_1ex31d2.htm,200,11152,0,0,9,fox
69.251.252.cfi,12/31/2006,18:02:11,839621,0001104659-05-023048,a05-8121_1ex32.htm,200,8880,0,0,9,fox
4.177.223.adj,12/31/2006,18:12:17,885980,0000948221-06-000283,.txt,200,4841,0,0,1,fox
4.177.223.adj,12/31/2006,18:12:46,885980,0000948221-06-000283,ya25684.htm,200,340413,0,0,9,fox
4.177.223.adj,12/31/2006,18:21:58,1071922,0000897069-06-002562,.txt,200,3427,0,0,1,fox
4.177.223.adj,12/31/2006,18:22:13,1050122,0000897069-06-002562,cmw2441.htm,200,86983,0,0,9,fox
4.177.223.adj,12/31/2006,18:25:09,1071922,0000897069-06-001710,.txt,200,3426,0,0,1,fox
4.177.223.adj,12/31/2006,18:25:21,1050122,0000897069-06-001710,cmw2260.htm,200,86770,0,0,9,fox
4.177.223.adj,12/31/2006,19:01:08,860643,0000919574-06-004548,d719782_13f-hr.txt,304,3850,0,0,5,fox
4.177.223.adj,12/31/2006,19:09:41,1020425,0001144204-06-037040,.txt,200,8787,0,0,1,fox
4.177.223.adj,12/31/2006,19:15:33,1020425,0001144204-06-037040,v051445_ncsrs.htm,200,2975204,0,0,9,fox
71.75.144.dce,12/31/2006,19:43:53,38725,0000038725-00-000003,.txtl,200,3255,0,0,1,fox
71.75.144.dce,12/31/2006,19:43:56,38725,0000038725-00-000003,.txt,200,113923,0,0,9,fox
71.75.144.dce,12/31/2006,19:47:05,38725,0000038725-98-000004,.txtl,200,2456,0,0,1,fox
71.75.144.dce,12/31/2006,19:47:07,38725,0000038725-98-000004,.txt,200,330320,0,0,9,fox
66.180.170.jbf,12/31/2006,00:00:00,1108524,0001219119-06-000470,edgardoc.xml,200,30368,1,0,0,lin
66.180.170.jbf,12/31/2006,00:00:00,1108524,0001219119-06-000470,.txt,200,3439,1,0,0,lin
66.180.170.jbf,12/31/2006,00:00:01,1001258,0001125282-06-008176,form.xml,200,5536,1,0,0,lin
66.180.170.jbf,12/31/2006,00:00:01,1001258,0001125282-06-008176,.txt,200,3317,1,0,0,lin
66.180.170.jbf,12/31/2006,00:00:05,1288776,0001181431-06-072561,.txt,200,3413,1,0,0,lin
66.180.170.jbf,12/31/2006,00:00:05,1288776,0001181431-06-072561,rrd141054.xml,200,11790,1,0,0,lin
66.180.170.jbf,12/31/2006,00:00:06,1288776,0001181431-06-072561,.txt,200,3413,1,0,0,lin
66.180.170.jbf,12/31/2006,00:00:06,1288776,0001181431-06-072561,rrd141054.xml,200,11790,1,0,0,lin
66.180.170.jbf,12/31/2006,00:00:06,1288776,0001181431-06-072561,.txt,200,3413,1,0,0,lin
66.180.170.jbf,12/31/2006,00:00:07,1288776,0001181431-06-072561,rrd141054.xml,200,11790,1,0,0,lin
66.180.170.jbf,12/31/2006,00:00:07,1288776,0001181431-06-072561,.txt,200,3413,1,0,0,lin
66.180.170.jbf,12/31/2006,00:00:23,932111,0001184236-06-000027,edgar.xml,200,3893,1,0,0,lin
66.180.170.jbf,12/31/2006,00:00:23,932111,0001184236-06-000027,.txt,200,3337,1,0,0,lin
66.180.170.jbf,12/31/2006,00:00:24,1108524,0001219119-06-000470,edgardoc.xml,200,30368,1,0,0,lin
66.180.170.jbf,12/31/2006,00:00:24,1139812,0001127602-06-002999,.txt,200,3373,1,0,0,lin
66.180.170.jbf,12/31/2006,00:00:25,1108524,0001219119-06-000470,.txt,200,3439,1,0,0,lin
66.180.170.jbf,12/31/2006,00:00:26,1001258,0001125282-06-008176,.txt,200,3317,1,0,0,lin
66.180.170.jbf,12/31/2006,00:00:26,1108524,0001219119-06-000470,edgardoc.xml,200,30368,1,0,0,lin
66.180.170.jbf,12/31/2006,00:00:26,1108524,0001219119-06-000470,.txt,200,3439,1,0,0,lin
66.180.170.jbf,12/31/2006,00:00:27,319201,0001209191-06-067486,bpa26163_bpa1jk.xml,200,19053,1,0,0,lin
66.180.170.jbf,12/31/2006,00:00:27,319201,0001209191-06-067486,.txt,200,3400,1,0,0,lin
66.180.170.jbf,12/31/2006,00:00:28,1063561,0001179110-06-024474,edgar.xml,200,11560,1,0,0,lin
66.180.170.jbf,12/31/2006,00:00:28,319201,0001209191-06-067486,.txt,200,3400,1,0,0,lin
66.180.170.jbf,12/31/2006,00:00:29,1288776,0001181431-06-072561,.txt,200,3413,1,0,0,lin
66.180.170.jbf,12/31/2006,00:00:29,1063561,0001179110-06-024474,.txt,200,3430,1,0,0,lin
66.180.170.jbf,12/31/2006,00:00:30,1288776,0001181431-06-072561,.txt,200,3413,1,0,0,lin
66.180.170.jbf,12/31/2006,00:00:30,1288776,0001181431-06-072561,rrd141054.xml,200,11790,1,0,0,lin
66.180.170.jbf,12/31/2006,00:00:31,1288776,0001181431-06-072561,rrd141054.xml,200,11790,1,0,0,lin
66.180.170.jbf,12/31/2006,00:00:31,1288776,0001181431-06-072561,.txt,200,3413,1,0,0,lin
66.180.170.jbf,12/31/2006,00:00:32,1288776,0001181431-06-072561,.txt,200,3413,1,0,0,lin
66.180.170.jbf,12/31/2006,00:00:33,1288776,0001181431-06-072561,rrd141054.xml,200,11790,1,0,0,lin
66.180.170.jbf,12/31/2006,00:00:33,1288776,0001181431-06-072561,.txt,200,3413,1,0,0,lin
66.180.170.jbf,12/31/2006,00:00:49,1139812,0001127602-06-002999,form4.xml,200,14180,1,0,0,lin
66.180.170.jbf,12/31/2006,00:00:50,1108524,0001219119-06-000470,edgardoc.xml,200,30368,1,0,0,lin
66.180.170.jbf,12/31/2006,00:00:51,1108524,0001219119-06-000470,.txt,200,3439,1,0,0,lin
66.180.170.jbf,12/31/2006,00:00:51,1108524,0001219119-06-000470,edgardoc.xml,200,30368,1,0,0,lin
66.180.170.jbf,12/31/2006,00:00:52,1104734,0001328715-06-000039,primary_doc.xml,200,5897,1,0,0,lin
66.180.170.jbf,12/31/2006,00:00:52,1001258,0001125282-06-008176,.txt,200,3317,1,0,0,lin
66.180.170.jbf,12/31/2006,00:00:53,319201,0001209191-06-067486,bpa26163_bpa1jk.xml,200,19053,1,0,0,lin
66.180.170.jbf,12/31/2006,00:00:53,319201,0001209191-06-067486,.txt,200,3400,1,0,0,lin
66.180.170.jbf,12/31/2006,00:00:54,1108699,0001019687-06-003189,edgar.xml,200,5375,1,0,0,lin
66.180.170.jbf,12/31/2006,00:00:55,1288776,0001181431-06-072561,rrd141054.xml,200,11790,1,0,0,lin
66.180.170.jbf,12/31/2006,00:00:55,1288776,0001181431-06-072561,.txt,200,3413,1,0,0,lin
66.180.170.jbf,12/31/2006,00:00:56,1288776,0001181431-06-072561,rrd141054.xml,200,11790,1,0,0,lin
66.180.170.jbf,12/31/2006,00:00:57,1288776,0001181431-06-072561,rrd141054.xml,200,11790,1,0,0,lin
66.180.170.jbf,12/31/2006,00:00:57,1288776,0001181431-06-072561,.txt,200,3413,1,0,0,lin
66.180.170.jbf,12/31/2006,00:00:58,1288776,0001181431-06-072561,rrd141054.xml,200,11790,1,0,0,lin
66.180.170.jbf,12/31/2006,00:00:58,1288776,0001181431-06-072561,.txt,200,3413,1,0,0,lin
66.180.170.jbf,12/31/2006,00:01:14,1139812,0001127602-06-002999,form4.xml,200,14180,1,0,0,lin
66.180.170.jbf,12/31/2006,00:01:16,1108524,0001219119-06-000470,.txt,200,3439,1,0,0,lin
66.180.170.jbf,12/31/2006,00:01:17,1001258,0001125282-06-008176,form.xml,200,5536,1,0,0,lin
66.180.170.jbf,12/31/2006,00:01:17,1108524,0001219119-06-000470,edgardoc.xml,200,30368,1,0,0,lin
66.180.170.jbf,12/31/2006,00:01:18,319201,0001209191-06-067486,bpa26163_bpa1jk.xml,200,19053,1,0,0,lin
66.180.170.jbf,12/31/2006,00:01:21,1288776,0001181431-06-072561,.txt,200,3413,1,0,0,lin
66.180.170.jbf,12/31/2006,00:01:22,1288776,0001181431-06-072561,.txt,200,3413,1,0,0,lin
66.180.170.jbf,12/31/2006,00:01:23,1288776,0001181431-06-072561,.txt,200,3413,1,0,0,lin
66.180.170.jbf,12/31/2006,00:01:42,1001258,0001125282-06-008176,form.xml,200,5536,1,0,0,lin
66.180.170.jbf,12/31/2006,00:01:43,1104734,0001328715-06-000039,.txt,200,3572,1,0,0,lin
66.180.170.jbf,12/31/2006,00:01:44,1063561,0001179110-06-024474,edgar.xml,200,11560,1,0,0,lin
66.180.170.jbf,12/31/2006,00:01:44,319201,0001209191-06-067486,.txt,200,3400,1,0,0,lin
66.180.170.jbf,12/31/2006,00:01:45,1108699,0001019687-06-003189,edgar.xml,200,5375,1,0,0,lin
66.180.170.jbf,12/31/2006,00:01:47,1288776,0001181431-06-072561,.txt,200,3413,1,0,0,lin
66.180.170.jbf,12/31/2006,00:01:47,1288776,0001181431-06-072561,rrd141054.xml,200,11790,1,0,0,lin
66.180.170.jbf,12/31/2006,00:01:48,1288776,0001181431-06-072561,.txt,200,3413,1,0,0,lin
66.180.170.jbf,12/31/2006,00:01:49,1288776,0001181431-06-072561,rrd141054.xml,200,11790,1,0,0,lin
66.180.170.jbf,12/31/2006,00:01:49,1288776,0001181431-06-072561,.txt,200,3413,1,0,0,lin
66.180.170.jbf,12/31/2006,00:02:05,1139812,0001127602-06-002999,form4.xml,200,14180,1,0,0,lin
66.180.170.jbf,12/31/2006,00:02:05,932111,0001184236-06-000027,edgar.xml,200,3893,1,0,0,lin
66.180.170.jbf,12/31/2006,00:02:05,932111,0001184236-06-000027,.txt,200,3337,1,0,0,lin
66.180.170.jbf,12/31/2006,00:02:06,1108524,0001219119-06-000470,edgardoc.xml,200,30368,1,0,0,lin
66.180.170.jbf,12/31/2006,00:02:07,1108524,0001219119-06-000470,edgardoc.xml,200,30368,1,0,0,lin
66.180.170.jbf,12/31/2006,00:02:07,1108524,0001219119-06-000470,.txt,200,3439,1,0,0,lin
66.180.170.jbf,12/31/2006,00:02:07,1108524,0001219119-06-000470,edgardoc.xml,200,30368,1,0,0,lin
66.180.170.jbf,12/31/2006,00:02:08,319201,0001209191-06-067486,.txt,200,3400,1,0,0,lin
66.180.170.jbf,12/31/2006,00:02:08,1104734,0001328715-06-000039,primary_doc.xml,200,5897,1,0,0,lin
66.180.170.jbf,12/31/2006,00:02:08,1104734,0001328715-06-000039,.txt,200,3572,1,0,0,lin
66.180.170.jbf,12/31/2006,00:02:08,1001258,0001125282-06-008176,form.xml,200,5536,1,0,0,lin
66.180.170.jbf,12/31/2006,00:02:10,1063561,0001179110-06-024474,edgar.xml,200,11560,1,0,0,lin
66.180.170.jbf,12/31/2006,00:02:12,1288776,0001181431-06-072561,.txt,200,3413,1,0,0,lin
66.180.170.jbf,12/31/2006,00:02:13,1288776,0001181431-06-072561,.txt,200,3413,1,0,0,lin
66.180.170.jbf,12/31/2006,00:02:14,1288776,0001181431-06-072561,rrd141054.xml,200,11790,1,0,0,lin
66.180.170.jbf,12/31/2006,00:02:31,1108524,0001219119-06-000470,edgardoc.xml,200,30368,1,0,0,lin
66.180.170.jbf,12/31/2006,00:02:32,1108524,0001219119-06-000470,edgardoc.xml,200,30368,1,0,0,lin
66.180.170.jbf,12/31/2006,00:02:33,1104734,0001328715-06-000039,primary_doc.xml,200,5897,1,0,0,lin
66.180.170.jbf,12/31/2006,00:02:33,1104734,0001328715-06-000039,.txt,200,3572,1,0,0,lin
66.180.170.jbf,12/31/2006,00:02:33,1001258,0001125282-06-008176,.txt,200,3317,1,0,0,lin
66.180.170.jbf,12/31/2006,00:02:34,319201,0001209191-06-067486,bpa26163_bpa1jk.xml,200,19053,1,0,0,lin
66.180.170.jbf,12/31/2006,00:02:35,1063561,0001179110-06-024474,.txt,200,3430,1,0,0,lin
66.180.170.jbf,12/31/2006,00:02:36,1288776,0001181431-06-072561,rrd141054.xml,200,11790,1,0,0,lin
66.180.170.jbf,12/31/2006,00:02:36,1288776,0001181431-06-072561,.txt,200,3413,1,0,0,lin
66.180.170.jbf,12/31/2006,00:02:37,1288776,0001181431-06-072561,rrd141054.xml,200,11790,1,0,0,lin
66.180.170.jbf,12/31/2006,00:02:38,1288776,0001181431-06-072561,.txt,200,3413,1,0,0,lin
66.180.170.jbf,12/31/2006,00:02:39,1288776,0001181431-06-072561,rrd141054.xml,200,11790,1,0,0,lin
66.180.170.jbf,12/31/2006,00:02:39,1288776,0001181431-06-072561,.txt,200,3413,1,0,0,lin
66.180.170.jbf,12/31/2006,00:02:39,1288776,0001181431-06-072561,rrd141054.xml,200,11790,1,0,0,lin
66.180.170.jbf,12/31/2006,00:02:56,1139812,0001127602-06-002999,form4.xml,200,14180,1,0,0,lin
66.180.170.jbf,12/31/2006,00:02:56,1139812,0001127602-06-002999,.txt,200,3373,1,0,0,lin
66.180.170.jbf,12/31/2006,00:02:58,1108524,0001219119-06-000470,.txt,200,3439,1,0,0,lin
66.180.170.jbf,12/31/2006,00:02:59,319201,0001209191-06-067486,bpa26163_bpa1jk.xml,200,19053,1,0,0,lin
66.180.170.jbf,12/31/2006,00:02:59,319201,0001209191-06-067486,.txt,200,3400,1,0,0,lin
66.180.170.jbf,12/31/2006,00:03:00,319201,0001209191-06-067486,bpa26163_bpa1jk.xml,200,19053,1,0,0,lin
66.180.170.jbf,12/31/2006,00:03:00,319201,0001209191-06-067486,.txt,200,3400,1,0,0,lin
66.180.170.jbf,12/31/2006,00:03:01,1108699,0001019687-06-003189,edgar.xml,200,5375,1,0,0,lin
66.180.170.jbf,12/31/2006,00:03:01,1063561,0001179110-06-024474,edgar.xml,200,11560,1,0,0,lin
66.180.170.jbf,12/31/2006,00:03:03,1288776,0001181431-06-072561,rrd141054.xml,200,11790,1,0,0,lin
66.180.170.jbf,12/31/2006,00:03:21,932111,0001184236-06-000027,edgar.xml,200,3893,1,0,0,lin
66.180.170.jbf,12/31/2006,00:03:21,932111,0001184236-06-000027,.txt,200,3337,1,0,0,lin
66.180.170.jbf,12/31/2006,00:03:23,1108524,0001219119-06-000470,edgardoc.xml,200,30368,1,0,0,lin
66.180.170.jbf,12/31/2006,00:03:26,1063561,0001179110-06-024474,edgar.xml,200,11560,1,0,0,lin
66.180.170.jbf,12/31/2006,00:03:27,1108699,0001019687-06-003189,edgar.xml,200,5375,1,0,0,lin
66.180.170.jbf,12/31/2006,00:03:30,1288776,0001181431-06-072561,.txt,200,3413,1,0,0,lin
66.180.170.jbf,12/31/2006,00:03:46,932111,0001184236-06-000027,edgar.xml,200,3893,1,0,0,lin
66.180.170.jbf,12/31/2006,00:03:47,1108524,0001219119-06-000470,.txt,200,3439,1,0,0,lin
66.180.170.jbf,12/31/2006,00:03:47,1139812,0001127602-06-002999,form4.xml,200,14180,1,0,0,lin
66.180.170.jbf,12/31/2006,00:03:47,1139812,0001127602-06-002999,.txt,200,3373,1,0,0,lin
66.180.170.jbf,12/31/2006,00:03:48,1108524,0001219119-06-000470,edgardoc.xml,200,30368,1,0,0,lin
66.180.170.jbf,12/31/2006,00:03:48,1108524,0001219119-06-000470,.txt,200,3439,1,0,0,lin
66.180.170.jbf,12/31/2006,00:03:49,1001258,0001125282-06-008176,.txt,200,3317,1,0,0,lin
66.180.170.jbf,12/31/2006,00:03:49,1108524,0001219119-06-000470,edgardoc.xml,200,30368,1,0,0,lin
66.180.170.jbf,12/31/2006,00:03:50,319201,0001209191-06-067486,.txt,200,3400,1,0,0,lin
66.180.170.jbf,12/31/2006,00:03:51,1063561,0001179110-06-024474,.txt,200,3430,1,0,0,lin
66.180.170.jbf,12/31/2006,00:03:52,1108699,0001019687-06-003189,.txt,200,3349,1,0,0,lin
66.180.170.jbf,12/31/2006,00:03:52,1063561,0001179110-06-024474,edgar.xml,200,11560,1,0,0,lin
66.180.170.jbf,12/31/2006,00:03:53,1288776,0001181431-06-072561,rrd141054.xml,200,11790,1,0,0,lin
66.180.170.jbf,12/31/2006,00:03:54,1288776,0001181431-06-072561,.txt,200,3413,1,0,0,lin
66.180.170.jbf,12/31/2006,00:03:55,1288776,0001181431-06-072561,.txt,200,3413,1,0,0,lin
66.180.170.jbf,12/31/2006,00:03:55,1288776,0001181431-06-072561,rrd141054.xml,200,11790,1,0,0,lin
66.180.170.jbf,12/31/2006,00:03:56,1288776,0001181431-06-072561,rrd141054.xml,200,11790,1,0,0,lin
66.180.170.jbf,12/31/2006,00:03:56,1288776,0001181431-06-072561,.txt,200,3413,1,0,0,lin
66.180.170.jbf,12/31/2006,00:04:12,1108524,0001219119-06-000470,.txt,200,3439,1,0,0,lin
66.180.170.jbf,12/31/2006,00:04:12,1139812,0001127602-06-002999,.txt,200,3373,1,0,0,lin
66.180.170.jbf,12/31/2006,00:04:13,1108524,0001219119-06-000470,edgardoc.xml,200,30368,1,0,0,lin
66.180.170.jbf,12/31/2006,00:04:14,1108524,0001219119-06-000470,edgardoc.xml,200,30368,1,0,0,lin
66.180.170.jbf,12/31/2006,00:04:14,1108524,0001219119-06-000470,.txt,200,3439,1,0,0,lin
66.180.170.jbf,12/31/2006,00:04:15,1104734,0001328715-06-000039,primary_doc.xml,200,5897,1,0,0,lin
66.180.170.jbf,12/31/2006,00:04:17,1108699,0001019687-06-003189,.txt,200,3349,1,0,0,lin
66.180.170.jbf,12/31/2006,00:04:18,1288776,0001181431-06-072561,.txt,200,3413,1,0,0,lin
66.180.170.jbf,12/31/2006,00:04:19,1288776,0001181431-06-072561,rrd141054.xml,200,11790,1,0,0,lin
66.180.170.jbf,12/31/2006,00:04:19,1288776,0001181431-06-072561,.txt,200,3413,1,0,0,lin
66.180.170.jbf,12/31/2006,00:04:20,1288776,0001181431-06-072561,.txt,200,3413,1,0,0,lin
66.180.170.jbf,12/31/2006,00:04:37,1139812,0001127602-06-002999,.txt,200,3373,1,0,0,lin
66.180.170.jbf,12/31/2006,00:04:39,1108524,0001219119-06-000470,edgardoc.xml,200,30368,1,0,0,lin
66.180.170.jbf,12/31/2006,00:04:39,1108524,0001219119-06-000470,.txt,200,3439,1,0,0,lin
66.180.170.jbf,12/31/2006,00:04:39,1108524,0001219119-06-000470,edgardoc.xml,200,30368,1,0,0,lin
66.180.170.jbf,12/31/2006,00:04:40,1104734,0001328715-06-000039,primary_doc.xml,200,5897,1,0,0,lin
66.180.170.jbf,12/31/2006,00:04:40,1104734,0001328715-06-000039,.txt,200,3572,1,0,0,lin
66.180.170.jbf,12/31/2006,00:04:41,319201,0001209191-06-067486,bpa26163_bpa1jk.xml,200,19053,1,0,0,lin
66.180.170.jbf,12/31/2006,00:04:41,319201,0001209191-06-067486,.txt,200,3400,1,0,0,lin
66.180.170.jbf,12/31/2006,00:04:42,1063561,0001179110-06-024474,edgar.xml,200,11560,1,0,0,lin
66.180.170.jbf,12/31/2006,00:04:42,1063561,0001179110-06-024474,.txt,200,3430,1,0,0,lin
66.180.170.jbf,12/31/2006,00:04:43,1108699,0001019687-06-003189,.txt,200,3349,1,0,0,lin
66.180.170.jbf,12/31/2006,00:04:44,1288776,0001181431-06-072561,rrd141054.xml,200,11790,1,0,0,lin
66.180.170.jbf,12/31/2006,00:04:46,1288776,0001181431-06-072561,.txt,200,3413,1,0,0,lin
66.180.170.jbf,12/31/2006,00:04:46,1288776,0001181431-06-072561,rrd141054.xml,200,11790,1,0,0,lin
66.180.170.jbf,12/31/2006,00:05:02,932111,0001184236-06-000027,edgar.xml,200,3893,1,0,0,lin
66.180.170.jbf,12/31/2006,00:05:02,932111,0001184236-06-000027,.txt,200,3337,1,0,0,lin
66.180.170.jbf,12/31/2006,00:06:04,1108524,0001219119-06-000470,edgardoc.xml,200,30368,1,0,0,lin
66.180.170.jbf,12/31/2006,00:06:05,1104734,0001328715-06-000039,.txt,200,3572,1,0,0,lin
66.180.170.jbf,12/31/2006,00:06:08,1288776,0001181431-06-072561,rrd141054.xml,200,11790,1,0,0,lin
66.180.170.jbf,12/31/2006,00:06:08,1288776,0001181431-06-072561,.txt,200,3413,1,0,0,lin
66.180.170.jbf,12/31/2006,00:06:08,1108699,0001019687-06-003189,edgar.xml,200,5375,1,0,0,lin
66.180.170.jbf,12/31/2006,00:06:09,1288776,0001181431-06-072561,.txt,200,3413,1,0,0,lin
66.180.170.jbf,12/31/2006,00:06:10,1288776,0001181431-06-072561,rrd141054.xml,200,11790,1,0,0,lin
66.180.170.jbf,12/31/2006,00:06:10,1288776,0001181431-06-072561,.txt,200,3413,1,0,0,lin
66.180.170.jbf,12/31/2006,00:06:27,932111,0001184236-06-000027,.txt,200,3337,1,0,0,lin
66.180.170.jbf,12/31/2006,00:06:28,1108524,0001219119-06-000470,.txt,200,3439,1,0,0,lin
66.180.170.jbf,12/31/2006,00:06:29,1108524,0001219119-06-000470,.txt,200,3439,1,0,0,lin
66.180.170.jbf,12/31/2006,00:06:30,1001258,0001125282-06-008176,form.xml,200,5536,1,0,0,lin
66.180.170.jbf,12/31/2006,00:06:30,1001258,0001125282-06-008176,.txt,200,3317,1,0,0,lin
66.180.170.jbf,12/31/2006,00:06:32,1063561,0001179110-06-024474,edgar.xml,200,11560,1,0,0,lin
66.180.170.jbf,12/31/2006,00:06:32,1063561,0001179110-06-024474,.txt,200,3430,1,0,0,lin
66.180.170.jbf,12/31/2006,00:06:32,319201,0001209191-06-067486,.txt,200,3400,1,0,0,lin
66.180.170.jbf,12/31/2006,00:06:33,1108699,0001019687-06-003189,.txt,200,3349,1,0,0,lin
66.180.170.jbf,12/31/2006,00:06:33,1063561,0001179110-06-024474,.txt,200,3430,1,0,0,lin
66.180.170.jbf,12/31/2006,00:06:34,1288776,0001181431-06-072561,.txt,200,3413,1,0,0,lin
71.146.62.aje,12/31/2006,17:32:46,873591,0000950133-06-001170,w18479e10vk.htm,200,900753,0,0,9,win
214.13.209.efb,12/31/2006,17:32:49,1032562,0000950137-06-012410,c09565e10vq.htm,200,668802,0,0,9,win
71.131.9.ghf,12/31/2006,17:32:49,1082038,0001082038-06-000029,xslF345X02/edgardoc.xml,200,15040,0,0,10,win
24.8.29.dce,12/31/2006,17:33:00,12927,0001193125-06-040952,d10k.htm,200,1867855,0,0,10,win
69.39.50.hbc,12/31/2006,17:33:02,1127245,0000931763-01-000469,.txt,200,2954,0,0,1,win
152.163.101.jdj,12/31/2006,17:33:03,1368505,0001183740-06-000354,.txtl,200,3202,0,0,6,win
76.177.188.jfg,12/31/2006,17:33:08,880285,0001104659-06-011548,.txt,200,4578,0,0,1,win
72.225.239.jid,12/31/2006,17:33:10,1332784,0000891092-06-003552,.txt,200,2716,0,0,1,win
75.21.81.djf,12/31/2006,17:33:22,1174746,0000000000-06-033026,filename1.pdf,200,20791,0,0,9,win
76.177.188.jfg,12/31/2006,17:33:23,880285,0001104659-06-011548,a06-2517_110k.htm,200,4051326,0,0,9,win
72.225.239.jid,12/31/2006,17:33:41,1036325,0001036325-06-000046,.txt,200,2682,0,0,1,win
72.225.239.jid,12/31/2006,17:33:43,1036325,0001036325-06-000046,x093006.txt,200,29062,0,0,9,win
75.80.31.gjc,12/31/2006,17:33:58,914208,0001193125-06-135020,.txt,200,5438,0,0,1,win
151.191.175.bbi,12/31/2006,17:34:00,1361579,0001193125-06-197205,.txt,200,11641,0,0,1,win
76.177.188.jfg,12/31/2006,17:34:00,880285,0001104659-06-011548,.txt,200,4578,0,0,1,win
75.80.31.gjc,12/31/2006,17:34:05,914208,0001193125-06-135020,d20f.htm,200,2234369,0,0,9,win
69.39.50.hbc,12/31/2006,17:34:09,1127245,0000931763-01-000469,.txt,200,914124,0,0,9,win
89.24.6.fdh,12/31/2006,17:34:22,1089272,0001002014-06-000988,.txt,200,2850,0,0,1,win
75.24.199.jde,12/31/2006,17:34:34,1018005,0001193125-06-132836,.txt,200,3438,0,0,1,win
75.24.199.jde,12/31/2006,17:34:38,1018005,0001193125-06-132836,d10qa.htm,200,699564,0,0,9,win
89.24.6.fdh,12/31/2006,17:34:39,1089272,0001002014-06-000988,bcec12b2510qsb103106.htm,200,6947,0,0,9,win
24.15.67.acc,12/31/2006,17:34:42,1082368,0001193125-06-144712,.txt,200,974210,0,0,9,win
76.177.188.jfg,12/31/2006,17:34:55,1061219,0000950129-06-001866,.txt,200,4919,0,0,1,win
89.24.6.fdh,12/31/2006,17:34:56,1089272,0001002014-06-000988,.txt,200,8436,0,0,9,win
66.91.174.ebi,12/31/2006,17:34:57,1053648,0001019687-06-002736,.txt,200,3773,1,0,0,win
192.193.221.gge,12/31/2006,17:35:06,1015780,0001193125-06-226723,.txt,200,3380,0,0,1,win
76.177.188.jfg,12/31/2006,17:35:08,1061219,0000950129-06-001866,h33229e10vk.htm,200,1841357,0,0,9,win
192.193.221.gge,12/31/2006,17:35:09,1015780,0001193125-06-165924,.txt,200,3380,0,0,1,win
75.24.199.jde,12/31/2006,17:35:10,1018005,0001193125-06-132836,.txt,200,3438,0,0,1,win
192.193.221.gge,12/31/2006,17:35:11,1015780,0001193125-06-165924,d10q.htm,200,1709956,0,0,9,win
75.24.199.jde,12/31/2006,17:35:16,1018005,0001193125-06-132834,.txt,200,3742,0,0,1,win
75.24.199.jde,12/31/2006,17:35:22,1018005,0001193125-06-132834,d10ka.htm,200,1230346,0,0,9,win
70.245.77.fgd,12/31/2006,17:35:24,1157654,0001292814-06-003019,.txt,200,3232,0,0,1,win
24.15.67.acc,12/31/2006,17:35:25,1082368,0001275287-06-004577,.txt,200,3299,0,0,1,win
70.245.77.fgd,12/31/2006,17:35:26,1157654,0001292814-06-003017,.txt,200,3241,0,0,1,win
24.15.67.acc,12/31/2006,17:35:28,1082368,0001275287-06-004577,bf7000.htm,200,15992,0,0,9,win
89.24.6.fdh,12/31/2006,17:35:28,1089272,0001002014-06-001004,.txt,200,3737,0,0,1,win
69.118.102.jjh,12/31/2006,17:35:33,1374796,0001144204-06-041330,.txt,200,10722,0,0,1,win
70.245.77.fgd,12/31/2006,17:35:33,1157654,0000947871-06-001885,.txt,200,3757,0,0,1,win
69.118.102.jjh,12/31/2006,17:35:35,1374796,0001144204-06-041330,v053694s1.htm,200,698158,0,0,9,win
89.24.6.fdh,12/31/2006,17:35:35,1089272,0001002014-06-001004,bcec10qsb103106.htm,200,98478,0,0,9,win
66.65.8.jfg,12/31/2006,17:35:44,1229206,0000950124-04-003850,k86812exv10w2.txt,200,200045,1,0,0,win
208.253.152.abj,12/31/2006,17:35:49,1170650,0001193125-06-223798,d10q.htm,304,,1,0,0,win
70.245.77.fgd,12/31/2006,17:35:49,1157654,0001292814-06-003019,.txt,200,45577,0,0,9,win
69.118.102.jjh,12/31/2006,17:35:50,1374796,0001144204-06-041330,.txt,200,10722,0,0,1,win
152.163.101.jdj,12/31/2006,17:35:53,1368505,0001183740-06-000354,.txtl,200,3202,0,0,6,win
69.118.102.jjh,12/31/2006,17:35:53,1374796,0001144204-06-049808,.txt,200,3376,0,0,1,win
69.118.102.jjh,12/31/2006,17:35:55,1374796,0001144204-06-049808,v058714s1a.htm,200,714501,0,0,9,win
72.225.242.dcg,12/31/2006,17:36:00,1019737,0001193125-06-092682,.txt,200,3237,0,0,1,win
72.225.242.dcg,12/31/2006,17:36:02,1019737,0001193125-06-092682,ddefa14a.htm,200,15808,0,0,9,win
72.225.242.dcg,12/31/2006,17:36:08,1019737,0001193125-06-092682,.txt,200,3237,0,0,1,win
152.163.100.afh,12/31/2006,17:36:10,91668,0001144204-06-054648,v061368_10qsb.htm,200,411047,0,0,9,win
72.225.242.dcg,12/31/2006,17:36:11,1019737,0001193125-06-063430,.txt,200,3937,0,0,1,win
151.191.175.bbi,12/31/2006,17:36:13,1367083,0000950134-06-023506,f21666fwfwp.htm,304,,0,0,9,win
69.39.50.hbc,12/31/2006,17:36:13,1206401,0000931763-03-001443,.txt,200,4036,0,0,1,win
72.225.242.dcg,12/31/2006,17:36:13,1019737,0001193125-06-063430,ddef14a.htm,200,260412,0,0,9,win
75.21.81.djf,12/31/2006,17:36:14,1174746,0000950123-06-008959,filename1.htm,200,7196,0,0,9,win
75.21.81.djf,12/31/2006,17:36:22,1174746,0000950123-06-008959,.txt,200,2512,0,0,4,win
76.17.139.fgi,12/31/2006,17:36:59,887991,0001133228-06-000735,p149462.htm,200,851051,1,0,0,win
24.227.46.bid,12/31/2006,17:37:14,277795,0000277795-96-000001,.txt,200,134191,0,0,1,win
72.225.242.dcg,12/31/2006,17:37:21,1019737,0001193125-06-063430,.txt,200,3937,0,0,1,win
72.225.242.dcg,12/31/2006,17:37:24,1019737,0001193125-06-063430,.txt,200,3937,0,0,1,win
75.21.81.djf,12/31/2006,17:37:26,944508,0000000000-06-018948,filename1.txt,200,3872,0,0,9,win
64.30.92.gai,12/31/2006,17:37:30,813562,0001312548-06-000043,.txt,200,3672,0,0,1,win
69.39.50.hbc,12/31/2006,17:37:34,1206401,0000931763-03-001443,.txt,200,1576495,0,0,9,win
64.30.92.gai,12/31/2006,17:37:35,813562,0001312548-06-000043,xslF345X02/primary_doc.xml,200,15848,0,0,9,win
72.225.242.dcg,12/31/2006,17:37:46,1019737,0001193125-06-056891,.txt,200,4162,0,0,1,win
72.225.242.dcg,12/31/2006,17:37:49,1019737,0001193125-06-056891,d10k.htm,200,1031462,0,0,9,win
68.209.5.jad,12/31/2006,17:37:53,812906,0001005794-06-000528,.txt,200,25030,0,0,1,win
151.191.175.bbi,12/31/2006,17:37:55,1097136,0001193125-06-168002,ds1a.htm,304,,0,0,9,win
66.65.8.jfg,12/31/2006,17:37:55,1037038,0000950123-04-009638,y00011exv10w1.htm,200,319889,1,0,0,win
69.39.50.hbc,12/31/2006,17:37:56,1206401,0000931763-03-001443,.txt,200,4036,0,0,1,win
65.9.202.hji,12/31/2006,17:38:01,1158678,0001193125-06-245966,.txt,200,3154,0,0,1,win
69.236.70.gig,12/31/2006,17:38:01,1079023,0001193125-06-248356,.txt,200,5043,0,0,1,win
151.191.175.bbi,12/31/2006,17:38:04,1097136,0001193125-06-168002,ds1a.htm,304,,0,0,9,win
74.99.238.ifh,12/31/2006,17:38:04,95574,0001193125-06-219163,.txt,200,259362,0,0,1,win
76.17.148.cef,12/31/2006,17:38:05,1331301,0001193125-06-261740,dprer14a.htm,200,3810567,1,0,0,win
68.209.5.jad,12/31/2006,17:38:07,812906,0001005794-06-000528,.txt,200,2771,0,0,1,win
65.9.202.hji,12/31/2006,17:38:08,1158678,0001193125-06-245966,dsc13d.htm,200,49265,0,0,9,win
74.99.238.ifh,12/31/2006,17:38:16,95574,0001193125-06-219163,.txt,200,3706,0,0,1,win
68.209.5.jad,12/31/2006,17:38:18,812906,0001005794-06-000528,hancockfabrics8k120706.htm,200,23617,0,0,9,win
192.147.58.gjc,12/31/2006,17:38:21,21344,0001047469-06-013139,.txt,200,4323,0,0,1,win
74.99.238.ifh,12/31/2006,17:38:22,95574,0001193125-06-219163,dex15.htm,200,1999,0,0,9,win
192.147.58.gjc,12/31/2006,17:38:23,21344,0001047469-06-013139,a2173941z10-q.htm,200,323284,0,0,9,win
75.80.31.gjc,12/31/2006,17:38:24,1129137,0001193125-06-140183,.txt,200,4449,0,0,1,win
74.99.238.ifh,12/31/2006,17:38:25,95574,0001193125-06-219163,.txt,200,3706,0,0,1,win
192.193.221.gge,12/31/2006,17:38:28,1015780,0001193125-06-165924,.txt,200,3380,0,0,1,win
192.193.221.gge,12/31/2006,17:38:34,1015780,0001193125-06-105557,.txt,200,3501,0,0,1,win
192.193.221.gge,12/31/2006,17:38:35,1015780,0001193125-06-105557,d10q.htm,200,1176083,0,0,9,win
75.80.31.gjc,12/31/2006,17:38:36,1129137,0001193125-06-140183,d20f.htm,200,2727354,0,0,9,win
209.36.244.jja,12/31/2006,17:39:10,916085,0001193125-06-028405,.txt,200,6869,0,0,1,win
199.41.197.jij,12/31/2006,17:39:12,74208,0001104659-06-081801,a06-25890_18k.htm,200,14830,0,0,9,win
192.193.221.gge,12/31/2006,17:39:14,1015780,0001193125-06-105557,.txt,200,3501,0,0,1,win
192.193.221.gge,12/31/2006,17:39:21,1015780,0001193125-06-062978,.txt,200,3897,0,0,1,win
192.193.221.gge,12/31/2006,17:39:23,1015780,0001193125-06-062978,d10ka.htm,200,1821051,0,0,9,win
75.21.81.djf,12/31/2006,17:39:25,806817,0000000000-05-007018,.txt,200,2489,0,0,4,win
152.163.100.jad,12/31/2006,17:39:34,810509,0001144204-06-051169,v059593_ex99-1.htm,200,13398,1,0,0,win
152.163.101.gjc,12/31/2006,17:39:34,810509,0001144204-06-051169,.txt,200,4755,0,0,1,win
209.36.244.jja,12/31/2006,17:39:35,916085,0001193125-06-028405,d10k.htm,200,1850467,0,0,9,win
208.179.164.fib,12/31/2006,17:39:36,1076939,0001076542-06-000122,.txt,200,4947,0,0,1,win
208.179.164.fib,12/31/2006,17:39:39,1076939,0001076542-06-000122,p0449_ex31-1.htm,200,16105,0,0,9,win
209.36.244.jja,12/31/2006,17:39:59,916085,0001193125-06-028405,.txt,200,6869,0,0,1,win
24.13.56.egd,12/31/2006,17:40:03,846913,0001125282-06-004661,.txt,200,3419,0,0,1,win
24.13.56.egd,12/31/2006,17:40:06,846913,0001125282-06-004661,b414355_10q.txt,200,64839,0,0,9,win
75.80.31.gjc,12/31/2006,17:40:18,773910,0000773910-06-000016,.txt,200,4304,0,0,1,win
209.36.244.jja,12/31/2006,17:40:21,731766,0001193125-06-038949,.txt,200,4508,0,0,1,win
75.21.81.djf,12/31/2006,17:40:23,806817,0001317273-05-000001,.txt,200,2482,0,0,4,win
68.209.5.jad,12/31/2006,17:40:25,812906,0001005794-06-000528,.txt,200,2771,0,0,1,win
75.80.31.gjc,12/31/2006,17:40:25,773910,0000773910-06-000016,anadarko_form10q-09302006.htm,200,893289,0,0,9,win
69.39.50.hbc,12/31/2006,17:40:26,1206401,0000931763-03-001443,ds11a.htm,200,2851118,0,0,9,win
75.21.81.djf,12/31/2006,17:40:28,806817,0001317273-05-000001,filename1.txt,200,72617,0,0,9,win
209.36.244.jja,12/31/2006,17:40:34,731766,0001193125-06-038949,d10k.htm,200,1093897,0,0,9,win
207.162.229.haa,12/31/2006,17:40:49,1002047,0000950134-06-013059,f21341e10vk.htm,304,3850,0,0,9,win
68.209.5.jad,12/31/2006,17:40:52,34151,0000950152-06-009937,.txt,200,3419,0,0,1,win
71.146.111.jcd,12/31/2006,17:40:52,1029415,0000950134-96-007090,.txt,200,484665,0,0,1,win
71.146.111.jcd,12/31/2006,17:40:55,1029415,0000950134-96-007090,.txtl,200,13780,0,0,1,win
152.163.100.bbb,12/31/2006,17:41:00,810509,0001144204-06-051169,v059593_ex10-6.htm,200,131174,1,0,0,win
68.209.5.jad,12/31/2006,17:41:01,34151,0000950152-06-009937,l23560ae10vq.htm,200,334848,0,0,9,win
24.227.46.bid,12/31/2006,17:41:04,1130452,0000950144-06-001479,.txt,200,1817072,0,0,1,win
64.12.116.jcf,12/31/2006,17:41:06,917321,0000950137-03-001696,.txt,200,3476,0,0,1,win
68.173.25.bic,12/31/2006,17:41:07,78536,0001021408-03-005439,dex46.txt,200,4549,0,0,5,win
152.163.101.gjc,12/31/2006,17:41:13,810509,0001144204-06-051169,.txt,200,4755,0,0,1,win
75.28.104.jde,12/31/2006,17:41:25,764478,0001104659-06-033306,a06-10808_110k.htm,304,3850,1,0,0,win
76.17.148.cef,12/31/2006,17:41:25,63908,0001104659-06-060821,a06-19506_18k.htm,200,31327,1,0,0,win
24.227.46.bid,12/31/2006,17:41:33,1130452,0000950144-06-001479,.txt,200,4652,0,0,1,win
69.230.204.fcf,12/31/2006,17:41:36,1040328,0001040328-05-000014,.txt,200,4294,0,0,4,win
209.36.244.jja,12/31/2006,17:41:40,731766,0001193125-06-038949,.txt,200,4508,0,0,1,win
69.230.204.fcf,12/31/2006,17:41:45,1040328,0001040328-05-000014,form10kamend.htm,200,1191217,0,0,9,win
71.146.111.jcd,12/31/2006,17:41:46,1027881,0000950134-96-007090,.txt,200,2553617,0,0,9,win
72.89.113.agj,12/31/2006,17:41:47,1109190,0001299933-06-008038,.txt,200,2884,0,0,1,win
206.15.203.jde,12/31/2006,17:41:53,72423,0000072423-04-000050,.txt,200,3850,0,0,1,win
74.72.226.aig,12/31/2006,17:41:53,1056835,0000911420-06-000799,.txt,200,8505,0,0,1,win
206.15.203.jde,12/31/2006,17:41:54,72423,0000072423-04-000050,ntkh804_10q.htm,304,3850,0,0,9,win
72.89.113.agj,12/31/2006,17:41:56,1109190,0001299933-06-008038,htm_16968.htm,200,15711,0,0,9,win
69.236.70.gig,12/31/2006,17:42:00,1079023,0001193125-06-248356,d10k.htm,200,1231827,0,0,9,win
68.55.243.jgj,12/31/2006,17:42:01,1051251,0001193125-06-087300,.txt,200,4664,0,0,1,win
74.72.226.aig,12/31/2006,17:42:04,1056835,0000911420-06-000785,.txt,200,8509,0,0,1,win
67.112.196.ech,12/31/2006,17:42:05,914329,0001104659-06-070268,.txt,200,3357,0,0,1,win
67.112.196.ech,12/31/2006,17:42:08,914329,0001104659-06-070268,a06-23091_18k.htm,200,23947,0,0,9,win
68.55.243.jgj,12/31/2006,17:42:09,1051251,0001193125-06-087300,dex231.htm,200,1936,0,0,9,win
74.72.226.aig,12/31/2006,17:42:10,1056835,0000911420-06-000669,.txt,200,2658,0,0,1,win
192.193.221.gge,12/31/2006,17:42:11,1015780,0001193125-06-062978,.txt,200,3897,0,0,1,win
68.55.243.jgj,12/31/2006,17:42:12,1051251,0001193125-06-087300,.txt,200,4664,0,0,1,win
72.89.113.agj,12/31/2006,17:42:12,1109190,0001299933-06-008038,.txt,200,2884,0,0,1,win
74.72.226.aig,12/31/2006,17:42:12,1056835,0000911420-06-000669,d238207465.txt,200,71073,0,0,9,win
68.55.243.jgj,12/31/2006,17:42:14,1051251,0001193125-06-087300,dex311.htm,200,8340,0,0,9,win
72.89.113.agj,12/31/2006,17:42:16,1109190,0001299933-06-007884,.txt,200,3027,0,0,1,win
192.193.221.gge,12/31/2006,17:42:17,1015780,0001193125-06-226723,.txt,200,3380,0,0,1,win
68.55.243.jgj,12/31/2006,17:42:17,1051251,0001193125-06-087300,.txt,200,4664,0,0,1,win
72.89.113.agj,12/31/2006,17:42:17,1109190,0001299933-06-007884,htm_16812.htm,200,10505,0,0,9,win
129.9.163.gfj,12/31/2006,17:42:18,1177974,0000905148-06-005468,.txt,200,665611,0,0,1,win
192.193.221.gge,12/31/2006,17:42:18,1015780,0001193125-06-226723,d10q.htm,200,1781148,0,0,9,win
152.163.100.haa,12/31/2006,17:42:19,810509,0001144204-06-051169,v059593_ex10-2.htm,200,115243,1,0,0,win
152.163.100.jdj,12/31/2006,17:42:19,810509,0001144204-06-051169,v059593_ex10-3.htm,200,117829,1,0,0,win
152.163.100.jhd,12/31/2006,17:42:19,810509,0001144204-06-051169,v059593_ex10-4.htm,200,11963,1,0,0,win
69.236.70.gig,12/31/2006,17:42:19,1079023,0001193125-06-248356,d10k.htm,304,3850,0,0,9,win
68.55.243.jgj,12/31/2006,17:42:23,1051251,0001193125-06-087300,d10k.htm,200,1178567,0,0,9,win
72.89.113.agj,12/31/2006,17:42:23,1109190,0001299933-06-007884,.txt,200,3027,0,0,1,win
72.89.113.agj,12/31/2006,17:42:26,1109190,0001299933-06-007865,.txt,200,2884,0,0,1,win
67.112.196.ech,12/31/2006,17:42:28,914329,0001104659-06-070268,.txt,200,3357,0,0,1,win
72.89.113.agj,12/31/2006,17:42:28,1109190,0001299933-06-007865,htm_16793.htm,200,13656,0,0,9,win
67.112.196.ech,12/31/2006,17:42:34,914329,0001104659-06-070268,a06-23091_1ex99d1.htm,200,634026,0,0,9,win
152.163.100.bbb,12/31/2006,17:42:36,810509,0001144204-06-051169,v059593_ex10-6.htm,200,131174,1,0,0,win
64.241.189.efc,12/31/2006,17:42:36,779991,0000940394-06-001145,.txt,200,12686,0,0,1,win
75.80.31.gjc,12/31/2006,17:42:42,6281,0000950135-06-007047,.txt,200,6294,0,0,1,win
24.227.46.bid,12/31/2006,17:42:45,1130452,0000950144-06-001479,g99532e10vk.htm,200,1776614,0,0,9,win
72.89.113.agj,12/31/2006,17:42:49,1109190,0001299933-06-007865,.txt,200,2884,0,0,1,win
64.241.189.efc,12/31/2006,17:42:54,779991,0000940394-06-001145,.txt,200,12686,0,0,1,win
72.89.113.agj,12/31/2006,17:42:54,1109190,0001299933-06-007695,.txt,200,2883,0,0,1,win
72.89.113.agj,12/31/2006,17:42:56,1109190,0001299933-06-007695,htm_16629.htm,200,8596,0,0,9,win
75.28.104.jde,12/31/2006,17:42:56,764478,0001104659-06-033306,a06-10808_110k.htm,304,3850,1,0,0,win
64.241.189.efc,12/31/2006,17:42:57,779991,0000940394-06-001145,.txt,200,40987,0,0,9,win
75.80.31.gjc,12/31/2006,17:42:57,6281,0000950135-06-007047,b63086ade10vk.htm,200,1350713,0,0,9,win
75.21.81.djf,12/31/2006,17:42:59,1062379,0000000000-06-025048,filename1.pdf,200,56881,0,0,9,win
129.9.163.gfj,12/31/2006,17:43:02,1177974,0000950123-06-014463,.txt,200,1406264,0,0,1,win
72.89.113.agj,12/31/2006,17:43:07,1109190,0001299933-06-007695,.txt,200,2883,0,0,1,win
72.89.113.agj,12/31/2006,17:43:11,1109190,0001299933-06-007139,.txt,200,3046,0,0,1,win
72.89.113.agj,12/31/2006,17:43:13,1109190,0001299933-06-007139,htm_16066.htm,200,11525,0,0,9,win
209.36.244.jja,12/31/2006,17:43:18,1054833,0001054833-06-000027,.txt,200,6652,0,0,1,win
72.89.113.agj,12/31/2006,17:43:18,1109190,0001299933-06-007139,.txt,200,3046,0,0,1,win
76.17.148.cef,12/31/2006,17:43:22,63908,0001193125-05-216482,dex99.htm,200,7781,1,0,0,win
152.163.100.bbb,12/31/2006,17:43:24,838796,0001144204-05-011087,.txt,200,3151,0,0,1,win
72.89.113.agj,12/31/2006,17:43:25,1109190,0000950153-06-002662,.txt,200,4635,0,0,1,win
24.13.56.egd,12/31/2006,17:43:26,846913,0001125282-06-004661,.txt,200,3419,0,0,1,win
203.24.19.def,12/31/2006,17:43:28,1016831,0001016831-06-000020,.txt,200,3396,0,0,1,win
64.241.189.efc,12/31/2006,17:43:28,779991,0000940394-06-001145,.txt,200,12686,0,0,1,win
72.89.113.agj,12/31/2006,17:43:29,1109190,0000950153-06-002662,p73073e10vq.htm,200,428009,0,0,9,win
64.241.189.efc,12/31/2006,17:43:30,779991,0000940394-06-001145,answer.fil,200,33941,0,0,9,win
207.162.229.haa,12/31/2006,17:43:33,1002047,0000950134-06-017363,f23476e10vq.htm,200,858281,0,0,9,win
24.13.56.egd,12/31/2006,17:43:33,846913,0001125282-06-002647,.txt,200,3437,0,0,1,win
24.13.56.egd,12/31/2006,17:43:35,846913,0001125282-06-002647,b413160_10q.txt,200,50912,0,0,9,win
209.36.244.jja,12/31/2006,17:43:39,1054833,0001054833-06-000027,form10k_12312005.htm,200,1756068,0,0,9,win
68.173.25.bic,12/31/2006,17:43:39,902978,0000950136-03-002083,file001.txt,200,43471,0,0,5,win
207.162.229.haa,12/31/2006,17:43:45,1002047,0000950134-06-004432,f16164e10vq.htm,200,763964,0,0,9,win
72.14.195.ahd,12/31/2006,17:43:49,78814,0000930413-06-007779,c45169.htm,304,3850,1,0,0,win
69.39.50.hbc,12/31/2006,17:43:50,1206401,0000931763-03-001443,ds11a.htm,200,2851118,1,0,0,win
71.146.111.jcd,12/31/2006,17:44:01,1029415,0000950134-96-007090,.txtl,200,13780,0,0,1,win
129.9.163.gfj,12/31/2006,17:44:03,1115078,0000950123-06-014463,y26343b5e424b5.htm,200,1369959,0,0,9,win
68.55.243.jgj,12/31/2006,17:44:07,1051251,0001193125-06-087300,.txt,200,4664,0,0,1,win
75.6.248.dbe,12/31/2006,17:44:08,1279495,0001279495-06-000023,.txt,200,32647,0,0,1,win
24.13.56.egd,12/31/2006,17:44:20,846913,0001125282-06-002647,.txt,200,3437,0,0,1,win
75.80.31.gjc,12/31/2006,17:44:20,6571,0001068800-06-001608,.txt,200,4294,0,0,1,win
129.9.163.gfj,12/31/2006,17:44:27,1177974,0000950123-06-014405,y26343bfwp.htm,200,12129,0,0,9,win
75.6.248.dbe,12/31/2006,17:44:27,1279495,0001279495-06-000023,.txt,200,2936,0,0,1,win
75.80.31.gjc,12/31/2006,17:44:28,6571,0001068800-06-001608,form10-q.htm,200,609124,0,0,9,win
24.13.56.egd,12/31/2006,17:44:29,846913,0001125282-06-001568,.txt,200,3995,0,0,1,win
71.146.111.jcd,12/31/2006,17:44:31,1029415,0000950134-96-007090,.txt,206,2106704,0,0,1,win
24.13.56.egd,12/31/2006,17:44:32,846913,0001125282-06-001568,b412174_10k.txt,200,183915,0,0,9,win
75.21.81.djf,12/31/2006,17:44:32,1062379,0000000000-06-030341,filename1.pdf,200,17161,0,0,9,win
72.89.113.agj,12/31/2006,17:44:34,1109190,0000950153-06-002662,.txt,200,4635,0,0,1,win
75.6.248.dbe,12/31/2006,17:44:37,1279495,0001279495-06-000023,form6kbaytex.htm,200,21085,0,0,9,win
72.89.113.agj,12/31/2006,17:44:38,1109190,0001299933-06-007029,.txt,200,3050,0,0,1,win
72.89.113.agj,12/31/2006,17:44:42,1109190,0001299933-06-007029,htm_15958.htm,200,9813,0,0,9,win
72.89.113.agj,12/31/2006,17:44:49,1109190,0001299933-06-007029,.txt,200,3050,0,0,1,win
71.146.111.jcd,12/31/2006,17:44:52,1029415,0000950134-97-000721,.txt,200,702876,0,0,1,win
72.89.113.agj,12/31/2006,17:44:54,1109190,0001299933-06-006422,.txt,200,3046,0,0,1,win
72.89.113.agj,12/31/2006,17:44:56,1109190,0001299933-06-006422,htm_15380.htm,200,12602,0,0,9,win
75.6.248.dbe,12/31/2006,17:45:11,1279495,0001279495-06-000021,.txt,200,56956,0,0,1,win
152.163.100.bbb,12/31/2006,17:45:16,838796,0001144204-05-011087,.txt,200,3151,0,0,1,win
69.39.50.hbc,12/31/2006,17:45:32,1206401,0001193125-03-011435,.txt,200,2566,0,0,1,win
75.22.31.cga,12/31/2006,17:45:37,1067983,0000914260-06-000191,.txt,200,6028,0,0,1,win
75.21.81.djf,12/31/2006,17:45:38,1062379,0000000000-06-034045,filename1.pdf,200,13762,0,0,9,win
75.80.31.gjc,12/31/2006,17:45:53,1067428,0001205613-06-000036,.txt,200,19283,0,0,1,win
207.162.229.haa,12/31/2006,17:45:54,1002047,0000950134-06-004432,.txt,200,4829,0,0,1,win
68.173.25.bic,12/31/2006,17:46:02,831114,0001193125-06-261753,d485bpos.htm,200,7261285,0,0,5,win
75.6.248.dbe,12/31/2006,17:46:25,1279495,0001104659-06-060797,.txt,200,2901,0,0,1,win
75.6.248.dbe,12/31/2006,17:46:34,1279495,0001104659-06-060797,a06-19569_16k.htm,200,23082,0,0,9,win
24.13.56.egd,12/31/2006,17:46:35,846913,0001125282-06-001568,.txt,200,3995,0,0,1,win
71.255.71.hbh,12/31/2006,17:46:35,1065728,0001188112-06-003784,.txt,200,2797,0,0,1,win
71.255.71.hbh,12/31/2006,17:46:39,1065728,0001188112-06-003784,t12569_8k.txt,200,9480,0,0,9,win
152.163.100.jdj,12/31/2006,17:46:45,854858,0000854858-04-000007,.txt,200,484070,0,0,9,win
75.80.31.gjc,12/31/2006,17:46:46,1067428,0001205613-06-000036,aga20f_main.htm,200,3666601,0,0,9,win
74.66.248.cha,12/31/2006,17:46:47,1363455,0001193125-06-163899,.txt,200,3595,0,0,1,win
152.163.100.dfh,12/31/2006,17:46:48,1309140,0000909012-06-000369,t302466.htm,200,541188,0,0,9,win
71.235.83.abj,12/31/2006,17:46:57,1120096,0001144204-06-043842,.txt,200,10087,0,0,1,win
24.13.56.egd,12/31/2006,17:46:59,846913,0001125282-06-001568,.txt,200,3995,0,0,1,win
24.13.56.egd,12/31/2006,17:47:01,846913,0001125282-06-001568,b412174_10k.txt,304,3850,0,0,9,win
71.235.83.abj,12/31/2006,17:47:01,1120096,0001144204-06-043842,v055516_8k.htm,200,687246,0,0,9,win
68.209.5.jad,12/31/2006,17:47:03,1039065,0001193125-06-228535,.txt,200,3622,0,0,1,win
68.209.5.jad,12/31/2006,17:47:10,1039065,0001193125-06-228535,d10q.htm,200,414806,0,0,9,win
207.162.229.haa,12/31/2006,17:47:14,1002047,0001157523-06-005570,a5156506ex991.txt,200,40451,0,0,9,win
69.39.50.hbc,12/31/2006,17:47:17,1206401,0000931763-03-001443,.txt,200,4036,0,0,1,win
152.163.100.aej,12/31/2006,17:47:23,854858,0000854858-04-000007,.txt,200,2784,0,0,1,win
70.251.135.eij,12/31/2006,17:47:43,879338,0001062993-06-004166,exhibit99-5.htm,200,1234560,1,0,0,win
152.163.100.bbi,12/31/2006,17:47:46,854858,0000854858-06-000009,.txt,200,2827,0,0,1,win
24.13.56.egd,12/31/2006,17:48:00,846913,0001125282-06-001568,.txt,200,3995,0,0,1,win
75.3.50.bgg,12/31/2006,17:48:06,754737,0001047469-06-003636,.txt,200,7929,0,0,1,win
75.3.50.bgg,12/31/2006,17:48:14,754737,0001047469-06-003636,a2168382zdef14a.htm,200,994712,0,0,9,win
207.237.4.dda,12/31/2006,17:48:18,1113247,0000950135-06-007102,.txt,200,6014,0,0,1,win
71.250.149.ihh,12/31/2006,17:48:19,880641,0001193125-06-234721,.txt,200,3409,0,0,1,win
207.237.4.dda,12/31/2006,17:48:21,1113247,0000950135-06-007102,c08573e10vk.htm,304,3850,0,0,9,win
71.250.149.ihh,12/31/2006,17:48:22,880641,0001193125-06-234721,d10q.htm,200,461404,0,0,9,win
76.17.148.cef,12/31/2006,17:48:45,63908,0000063908-05-000064,exhibit99.htm,200,14326,1,0,0,win
198.80.208.eag,12/31/2006,17:49:00,1017022,0000950123-06-003992,.txt,200,9897,0,0,1,win
75.21.81.djf,12/31/2006,17:49:07,1062379,0000950123-06-008375,filename1.htm,200,12759,0,0,9,win
75.3.50.bgg,12/31/2006,17:49:11,754737,0001047469-06-003636,.txt,200,7929,0,0,1,win
198.80.208.eag,12/31/2006,17:49:13,1017022,0000950123-06-003992,y18864e10vk.htm,200,2098062,0,0,9,win
192.200.5.fca,12/31/2006,17:49:14,1273352,0001193125-04-001086,.txt,200,18137,0,0,1,win
192.200.5.fca,12/31/2006,17:49:16,1121026,0001193125-04-001086,ds4a.htm,200,99355,0,0,9,win
192.200.5.fca,12/31/2006,17:49:23,1273352,0001193125-03-098384,.txt,200,23571,0,0,1,win
192.200.5.fca,12/31/2006,17:49:25,1121026,0001193125-03-098384,ds4.htm,200,2147297,0,0,9,win
75.21.81.djf,12/31/2006,17:49:25,1062379,0001062379-06-000076,filename1.txt,200,4544,0,0,9,win
192.200.5.fca,12/31/2006,17:49:48,1283699,0001193125-06-109756,.txt,200,6384,0,0,1,win
64.241.189.efc,12/31/2006,17:49:48,779991,0000940394-06-001145,.txt,200,12686,1,0,0,win
192.200.5.fca,12/31/2006,17:49:51,1121026,0001193125-06-109756,d10k.htm,200,2223095,0,0,9,win
192.200.5.fca,12/31/2006,17:49:57,1121026,0001193125-06-109756,.txt,200,6384,0,0,1,win
69.39.50.hbc,12/31/2006,17:50:06,1206401,0000931763-03-001443,.txt,206,2099116,0,0,9,win
72.177.205.ach,12/31/2006,17:50:08,1119811,0001035704-01-000295,.txt,200,3786,0,0,1,win
72.177.205.ach,12/31/2006,17:50:14,1119811,0001035704-01-000295,h85425e10-k405.txt,200,311478,0,0,9,win
152.163.100.jeh,12/31/2006,17:50:24,1015780,0000315066-06-005510,.txt,200,3418,1,0,0,win
67.135.121.ggf,12/31/2006,17:50:32,1011290,0001140361-06-016135,.txt,200,2849,0,0,1,win
67.135.121.ggf,12/31/2006,17:50:35,1011290,0001140361-06-016135,formnt10q.htm,200,51182,0,0,9,win
69.39.50.hbc,12/31/2006,17:50:35,1206401,0000931763-03-001443,.txt,200,4036,0,0,1,win
71.231.248.fhc,12/31/2006,17:50:38,707604,0000707604-98-000004,.txt,200,217663,1,0,0,win
72.196.254.def,12/31/2006,17:50:39,1800,0001047469-06-003960,.txt,200,6510,0,0,1,win
192.200.5.fca,12/31/2006,17:50:40,1290969,9999999997-04-022995,.txt,200,2570,0,0,1,win
72.177.205.ach,12/31/2006,17:50:42,1119811,0001035704-01-000295,.txt,200,3786,0,0,1,win
76.17.148.cef,12/31/2006,17:50:43,1042187,0001144204-06-054879,v061084_s1.htm,200,3596443,1,0,0,win
72.177.205.ach,12/31/2006,17:50:45,1119811,0001035704-01-000295,h85425e10-k405.txt,304,3850,0,0,9,win
75.21.81.djf,12/31/2006,17:50:49,1012393,0000000000-06-000722,filename1.txt,200,8832,0,0,9,win
71.250.149.ihh,12/31/2006,17:50:56,880641,0001193125-06-234721,.txt,200,3409,0,0,1,win
72.196.254.def,12/31/2006,17:50:58,1800,0001047469-06-003960,a2167434zdef14a.htm,200,223405,0,0,9,win
4.161.191.geh,12/31/2006,17:51:05,1015780,0000315066-06-005510,.txt,200,3418,0,0,9,win
75.21.81.djf,12/31/2006,17:51:15,1012393,0000000000-06-000722,.txt,200,2489,0,0,4,win
75.21.81.djf,12/31/2006,17:51:32,1012393,0000000000-06-011739,filename1.txt,200,3732,0,0,9,win
75.21.81.djf,12/31/2006,17:51:35,1012393,0000000000-06-011739,.txt,200,2488,0,0,4,win
66.75.158.edf,12/31/2006,17:51:41,1145839,0001125282-06-007041,.txt,200,2690,0,0,1,win
75.21.81.djf,12/31/2006,17:51:41,1012393,0000000000-06-051645,.txt,200,2645,0,0,4,win
66.75.158.edf,12/31/2006,17:51:42,1145839,0001125282-06-007041,b415731_13f-hr.txt,200,11336,0,0,9,win
76.17.148.cef,12/31/2006,17:51:42,1383183,0001019687-06-003153,combimatrix_s1-ex1002.htm,200,786609,1,0,0,win
